posicion,tiempo_lineal,tiempo_binaria,tiempo_galopante
0,86,346,43
50000,156451,405,347
100000,306593,406,412
150000,446784,400,378
200000,581749,340,349
250000,697460,276,408
300000,865373,377,455
350000,1016660,358,422
400000,1183925,356,382
450000,1302886,368,362
500000,1440687,263,404
550000,1578705,370,474
600000,1733134,395,463
650000,1836362,388,468
700000,2014904,353,476
750000,2137398,305,422
800000,2311640,407,486
850000,2397297,334,469
900000,2576190,387,469
950000,2693207,354,412
999999,2919050,321,363
0,81,441,47
50000,155905,325,331
100000,295349,354,358
150000,435687,318,353
200000,590832,381,410
250000,737384,305,499
300000,849818,348,390
350000,1021702,366,491
400000,1140576,388,421
450000,1288981,367,356
500000,1437576,267,438
550000,1547010,378,467
600000,1697677,375,477
650000,1841937,399,461
700000,1994483,352,509
750000,2128334,329,465
800000,2268697,400,456
850000,2556644,341,484
900000,2567558,407,463
950000,2700099,362,398
999999,2839750,299,354
0,96,352,47
50000,172263,408,362
100000,307189,408,381
150000,440517,369,374
200000,590170,374,389
250000,743290,322,457
300000,875301,430,437
350000,1004959,364,441
400000,1151044,367,411
450000,1296230,407,394
500000,1441841,299,443
550000,1585067,396,425
600000,1715827,365,454
650000,1861540,398,453
700000,2052499,412,493
750000,2260255,308,453
800000,2279316,391,502
850000,2414020,370,485
900000,2559620,379,482
950000,2690942,379,428
999999,2828940,253,338
0,88,383,53
50000,167948,435,391
100000,304838,341,381
150000,450361,351,372
200000,609237,413,388
250000,736166,311,414
300000,873686,374,416
350000,1001561,369,407
400000,1174694,408,412
450000,1306745,376,376
500000,1459462,301,452
550000,1574378,422,498
600000,1728903,313,486
650000,1855631,389,440
700000,1995291,381,435
750000,2134702,287,461
800000,2268371,375,438
850000,2433027,312,460
900000,2562789,386,469
950000,2706089,353,440
999999,2833216,243,334
0,85,346,47
50000,167930,445,408
100000,319644,327,327
150000,469300,428,400
200000,618710,364,384
250000,719181,320,414
300000,867781,399,427
350000,1017210,359,443
400000,1164073,351,393
450000,1293628,401,375
500000,1415080,312,444
550000,1594251,416,473
600000,1721092,377,490
650000,1896982,409,458
700000,2033484,360,473
750000,2159606,291,506
800000,2281150,361,444
850000,2438806,333,451
900000,2564075,346,460
950000,2698552,349,420
999999,2883681,280,374
0,97,366,45
50000,178235,404,416
100000,299596,378,368
150000,458859,366,369
200000,591334,375,375
250000,738387,337,443
300000,893493,400,451
350000,1032750,372,571
400000,1169302,390,422
450000,1275791,354,394
500000,1450361,271,409
550000,1574027,395,439
600000,1940764,371,479
650000,1837652,375,466
700000,1990540,340,493
750000,2139995,286,446
800000,2296419,392,430
850000,2460263,320,448
900000,2550175,377,387
950000,2716686,359,402
999999,2856561,310,341
0,91,364,53
50000,158086,391,396
100000,350474,337,377
150000,455142,396,405
200000,563648,364,356
250000,735977,290,356
300000,869672,380,398
350000,1007227,366,456
400000,1141268,388,405
450000,1298063,354,348
500000,1446842,393,415
550000,1587718,362,445
600000,1793326,414,507
650000,1853688,369,445
700000,1975379,326,465
750000,2129934,304,441
800000,2272618,411,429
850000,2429297,340,445
900000,2534275,425,468
950000,2714463,365,481
999999,2819212,256,328
0,93,370,45
50000,169577,349,331
100000,320629,353,332
150000,499325,427,440
200000,589557,408,394
250000,729347,308,409
300000,869625,359,448
350000,1013797,367,478
400000,1168441,356,360
450000,1303717,373,364
500000,1401893,298,437
550000,1562207,374,442
600000,1710418,385,488
650000,1842827,365,469
700000,2103551,378,481
750000,2119476,307,454
800000,2267933,414,463
850000,2433822,331,454
900000,2536136,343,531
950000,2712467,359,430
999999,2854481,257,326
0,66,373,47
50000,169447,407,362
100000,308613,391,400
150000,459158,394,398
200000,601549,393,379
250000,742927,301,413
300000,873042,381,480
350000,1004061,394,414
400000,1161767,344,369
450000,1281236,370,373
500000,1433908,289,423
550000,1592520,374,489
600000,1707126,419,528
650000,1868468,427,484
700000,2013166,368,470
750000,2142818,297,463
800000,2303809,415,475
850000,2415929,330,443
900000,2561508,410,499
950000,2695035,361,396
999999,2888109,263,331
0,97,331,48
50000,168816,366,356
100000,302183,405,363
150000,432753,392,400
200000,603986,364,385
250000,729113,275,390
300000,859646,356,400
350000,1062113,394,474
400000,1156193,429,413
450000,1301743,362,382
500000,1446785,282,420
550000,1580345,424,468
600000,1752659,401,474
650000,1845315,400,435
700000,2066287,336,494
750000,2158091,297,467
800000,2258025,377,456
850000,2404593,362,446
900000,2540209,385,461
950000,2711145,349,405
999999,3049051,277,368
0,86,372,42
50000,167541,419,370
100000,315428,397,384
150000,461554,343,352
200000,599580,295,360
250000,722382,243,347
300000,887420,379,498
350000,1009284,381,522
400000,1153025,381,406
450000,1306162,375,348
500000,1424557,277,444
550000,1577650,393,474
600000,1716728,385,448
650000,1856748,394,467
700000,1988227,346,476
750000,2122332,306,446
800000,2286127,382,441
850000,2414561,376,473
900000,2545848,429,474
950000,2706707,381,435
999999,2832032,253,339
0,86,316,41
50000,167861,422,411
100000,305795,348,379
150000,443139,385,397
200000,578461,393,361
250000,743380,328,414
300000,882149,359,432
350000,1014772,358,464
400000,1147135,359,418
450000,1300742,393,381
500000,1442350,301,431
550000,1582829,394,431
600000,1722400,370,456
650000,1845459,395,444
700000,1987274,339,440
750000,2146139,300,467
800000,2276598,393,447
850000,2390110,342,476
900000,2546626,411,473
950000,2696592,370,439
999999,2869795,274,363
0,89,406,50
50000,150780,381,382
100000,322747,379,371
150000,456683,344,401
200000,595983,343,360
250000,720921,158,410
300000,937716,380,394
350000,1013038,373,449
400000,1157707,376,380
450000,1277714,363,363
500000,1616300,146,448
550000,1586912,406,473
600000,1671706,303,483
650000,1849942,363,461
700000,1981870,377,459
750000,2139625,315,457
800000,2307151,402,476
850000,2464806,332,472
900000,2555627,410,438
950000,2772076,358,432
999999,2837404,291,336
0,105,441,48
50000,170630,475,391
100000,312904,401,378
150000,457153,330,373
200000,575543,334,344
250000,748134,296,383
300000,859173,377,443
350000,1016980,376,426
400000,1145014,407,444
450000,1270044,369,368
500000,1449533,300,413
550000,1603980,403,474
600000,1707851,404,473
650000,1874944,369,465
700000,2019885,365,460
750000,2174136,307,469
800000,2262522,348,471
850000,2492733,407,423
900000,2662207,372,433
950000,2702646,380,415
999999,2887196,263,356
0,89,378,52
50000,175407,396,416
100000,299606,350,344
150000,448666,315,353
200000,603355,392,361
250000,718374,294,379
300000,888112,365,445
350000,1015307,335,434
400000,1215834,396,399
450000,1287071,381,360
500000,1451575,288,432
550000,1584194,378,479
600000,1720896,397,462
650000,1880439,389,456
700000,2004456,347,465
750000,2135790,310,448
800000,2244648,366,457
850000,2412910,327,483
900000,2569003,390,475
950000,2687575,361,423
999999,2902808,271,344
0,82,350,48
50000,162791,347,356
100000,320920,330,321
150000,435874,390,392
200000,578676,324,352
250000,734065,299,352
300000,881234,393,428
350000,1022837,355,454
400000,1154930,373,405
450000,1312338,398,363
500000,1439667,336,441
550000,1556403,401,491
600000,1699978,378,469
650000,1885265,390,468
700000,1984187,370,484
750000,2157759,589,625
800000,2286674,377,458
850000,2406533,341,497
900000,2557990,391,445
950000,2701455,372,486
999999,2848138,272,338
0,87,337,43
50000,167815,460,389
100000,297442,331,319
150000,456782,321,340
200000,587259,397,566
250000,780436,285,451
300000,872879,369,439
350000,1013793,337,382
400000,1172664,347,384
450000,1303858,376,370
500000,1420233,271,433
550000,1565240,391,465
600000,1722994,392,479
650000,1843777,354,442
700000,2014057,396,466
750000,2129173,288,448
800000,2337216,573,453
850000,2411059,335,454
900000,2569459,360,485
950000,2728249,358,460
999999,2856455,275,378
0,92,414,48
50000,166366,445,459
100000,322397,361,380
150000,444871,372,398
200000,590870,354,373
250000,735400,268,363
300000,856893,370,446
350000,1027238,395,500
400000,1141552,379,396
450000,1350434,362,369
500000,1458966,318,453
550000,1560863,425,487
600000,1722223,381,468
650000,1884225,386,448
700000,2002254,340,475
750000,2098817,282,422
800000,2285472,394,473
850000,2468608,353,451
900000,2731901,391,486
950000,2712618,359,433
999999,2845871,278,337
0,72,331,42
50000,164902,373,368
100000,312221,323,359
150000,453612,339,365
200000,576637,389,392
250000,727424,329,419
300000,866817,397,502
350000,1031016,331,392
400000,1141368,371,407
450000,1275000,393,358
500000,1402055,286,466
550000,1564805,392,453
600000,1714555,344,450
650000,1872954,380,450
700000,2080770,421,489
750000,2132489,296,465
800000,2280626,368,414
850000,2415469,328,461
900000,2585627,414,465
950000,2713705,400,433
999999,2899240,253,333
0,82,404,41
50000,162618,342,353
100000,317169,410,386
150000,449117,432,448
200000,578241,332,352
250000,721933,337,421
300000,894370,416,433
350000,1007213,359,415
400000,1140183,391,409
450000,1310212,378,346
500000,1466188,300,430
550000,1595800,421,468
600000,1943068,623,793
650000,1852492,393,448
700000,2062290,362,479
750000,2264193,335,502
800000,2273681,358,459
850000,2465382,368,507
900000,2609647,450,464
950000,2693446,350,400
999999,2944795,299,335
0,79,314,41
50000,157885,350,344
100000,303905,313,315
150000,443570,358,410
200000,578198,327,354
250000,749048,314,391
300000,892764,413,460
350000,1023312,352,455
400000,1154859,412,352
450000,1280818,387,363
500000,1436775,305,432
550000,1548732,418,458
600000,1691403,380,457
650000,1830573,380,483
700000,1969257,353,605
750000,2106881,204,417
800000,2265070,364,425
850000,2435367,337,450
900000,2546524,372,388
950000,2665861,329,421
999999,2861689,272,360
0,92,359,48
50000,174638,396,425
100000,306018,337,342
150000,454706,426,428
200000,570717,406,390
250000,730793,306,401
300000,887259,379,415
350000,1004813,317,426
400000,1145259,382,381
450000,1288386,347,356
500000,1412965,311,422
550000,1532727,391,484
600000,1703591,349,457
650000,1845404,395,440
700000,1998184,370,474
750000,2125361,309,476
800000,2254667,371,535
850000,2407308,341,452
900000,2545026,397,396
950000,2662300,401,437
999999,2823097,242,317
0,80,426,48
50000,166276,416,421
100000,303638,398,382
150000,463672,328,378
200000,594800,420,384
250000,723784,270,422
300000,874871,379,426
350000,1012092,393,512
400000,1132932,423,420
450000,1268196,355,354
500000,1440922,301,411
550000,1578398,364,477
600000,1714123,374,494
650000,1837519,393,451
700000,1995982,371,470
750000,2090877,294,439
800000,2229772,394,443
850000,2413780,312,439
900000,2530871,378,442
950000,2696317,362,439
999999,2840987,315,325
0,78,326,47
50000,154382,410,359
100000,309154,358,321
150000,455415,404,390
200000,581607,386,376
250000,718512,315,439
300000,860407,401,452
350000,1011226,362,473
400000,1126259,363,364
450000,1331384,586,424
500000,1410877,308,447
550000,1550316,380,466
600000,1699983,375,484
650000,1844259,364,442
700000,1967814,352,474
750000,2136379,298,487
800000,2263435,401,453
850000,2389030,330,457
900000,2562465,409,480
950000,2695233,353,451
999999,2832129,234,336
0,96,331,40
50000,139353,362,325
100000,325645,316,355
150000,442462,360,399
200000,589560,348,373
250000,740076,343,426
300000,881902,377,424
350000,1011677,353,460
400000,1142919,413,434
450000,1254419,370,362
500000,1414775,321,432
550000,1574101,422,441
600000,1711864,357,495
650000,1850867,405,478
700000,2035229,412,636
750000,2115573,281,429
800000,2261168,393,427
850000,2431905,345,460
900000,2542390,388,441
950000,2680386,352,412
999999,2851850,342,335
0,84,330,49
50000,162299,326,356
100000,314851,349,379
150000,436531,326,355
200000,584051,382,400
250000,725667,265,412
300000,869967,364,438
350000,1015154,387,462
400000,1131997,390,414
450000,1297075,396,371
500000,1418474,304,420
550000,1548774,420,438
600000,1697120,374,468
650000,1844655,375,438
700000,1969909,355,445
750000,2118605,293,463
800000,2324836,389,553
850000,2393693,390,473
900000,2541897,307,506
950000,2673548,339,462
999999,2805599,317,339
0,100,349,42
50000,150064,368,320
100000,291651,311,319
150000,429861,404,418
200000,600275,374,372
250000,716228,299,374
300000,851942,384,442
350000,976256,347,502
400000,1141860,372,409
450000,1274617,382,426
500000,1425463,322,429
550000,1559816,405,478
600000,1704948,355,529
650000,1866692,374,462
700000,1969799,345,504
750000,2125596,332,433
800000,2293161,365,460
850000,2402605,359,471
900000,2542282,377,506
950000,2696976,374,433
999999,2837561,268,325
0,76,365,44
50000,156545,370,333
100000,282122,374,379
150000,461500,316,377
200000,579240,313,356
250000,725241,316,428
300000,870989,484,421
350000,1029991,326,408
400000,1145467,358,397
450000,1302283,360,352
500000,1430183,300,412
550000,1574621,396,485
600000,1694827,388,477
650000,1824613,375,445
700000,1972902,377,468
750000,2126736,311,423
800000,2263304,421,615
850000,2432573,512,515
900000,2580919,352,526
950000,2662094,339,391
999999,2802150,256,394
0,81,361,48
50000,158092,388,336
100000,306741,330,325
150000,437636,357,372
200000,602727,363,355
250000,719219,298,360
300000,870379,406,436
350000,1020379,364,513
400000,1144197,382,384
450000,1298130,378,350
500000,1421913,318,438
550000,1589926,410,448
600000,1717855,372,462
650000,1839345,383,444
700000,1998724,374,467
750000,2127490,307,420
800000,2278097,400,436
850000,2412892,338,451
900000,2532580,374,499
950000,2671304,348,420
999999,2811815,274,359
0,82,366,49
50000,154864,365,342
100000,313410,319,325
150000,441576,395,415
200000,580337,442,388
250000,739173,282,374
300000,877468,364,456
350000,999038,355,432
400000,1133751,409,415
450000,1295534,388,372
500000,1439916,287,404
550000,1575759,393,449
600000,1688051,386,463
650000,1887445,521,435
700000,1965333,332,471
750000,2115501,278,473
800000,2272530,384,452
850000,2385359,345,453
900000,2576294,399,551
950000,2709341,397,409
999999,2825466,260,366
0,84,334,47
50000,156298,406,375
100000,323758,419,372
150000,447273,335,386
200000,567703,330,358
250000,738678,311,444
300000,876547,388,432
350000,1010581,389,413
400000,1157133,405,362
450000,1267152,375,348
500000,1411145,307,419
550000,1561844,381,450
600000,1710301,395,481
650000,1861450,361,435
700000,1977031,348,487
750000,2128189,290,492
800000,2260864,392,441
850000,2408237,355,494
900000,2515412,379,459
950000,2691340,385,430
999999,2823501,261,364
0,79,365,42
50000,159942,450,356
100000,298065,400,383
150000,468815,362,370
200000,573060,337,354
250000,771614,305,368
300000,851036,386,481
350000,1005280,372,486
400000,1162582,363,400
450000,1291932,422,382
500000,1420924,293,439
550000,1536101,386,437
600000,1746180,393,467
650000,1858149,364,437
700000,2033747,615,485
750000,2113744,303,437
800000,2273325,392,419
850000,2402410,354,467
900000,2544061,414,460
950000,2686775,376,423
999999,2818533,541,356
