n,tiempo_lineal,tiempo_binaria,tiempo_galopante
1,249,290,74
10001,49250,718,869
20001,95470,718,781
30001,14983,319,375
40001,126631,321,492
50001,144897,241,294
60001,72623,314,351
70001,529,305,245
80001,114572,342,383
90001,206391,285,318
100001,27662,283,306
110001,252685,351,366
120001,282233,314,350
130001,232147,269,316
140001,321779,283,369
150001,244192,267,385
160001,119197,279,328
170001,444185,280,360
180001,261284,297,364
190001,482557,315,361
200001,164448,321,345
210001,614393,294,364
220001,135432,298,316
230001,333439,301,371
240001,280905,306,364
250001,323770,326,334
260001,101914,398,339
270001,583118,380,349
280001,159665,389,412
290001,773095,376,316
300001,674081,327,422
310001,690300,337,345
320001,781061,394,386
330001,128592,361,396
340001,489200,331,404
350001,163217,344,421
360001,541975,329,397
370001,847440,407,393
380001,880552,348,358
390001,1017170,383,394
400001,83247,388,449
410001,1006673,407,392
420001,1110116,387,465
430001,416108,342,395
440001,568708,329,383
450001,392619,340,343
460001,1056991,387,375
470001,1145583,383,371
480001,291096,379,373
490001,661414,408,363
500001,718718,343,415
510001,803743,434,463
520001,1342321,382,411
530001,670089,396,334
540001,452146,341,365
550001,870850,413,398
560001,696826,400,427
570001,607834,335,416
580001,1512334,413,390
590001,1387923,414,390
600001,346055,329,357
610001,1448839,431,419
620001,1628689,355,430
630001,1716961,409,485
640001,1576464,389,468
650001,1213729,465,362
660001,497363,336,405
670001,296128,333,355
680001,943140,373,495
690001,750359,397,369
700001,383355,383,357
710001,1235011,409,396
720001,1407174,386,423
730001,359853,379,378
740001,1351295,451,423
750001,2099449,327,433
760001,1762042,436,439
770001,1341583,430,414
780001,2200678,426,374
790001,655238,417,371
800001,1458189,423,422
810001,2761105,389,474
820001,1203495,417,472
830001,757187,438,445
840001,1114745,415,443
850001,1786338,428,398
860001,324267,354,367
870001,1399180,448,478
880001,887551,374,441
890001,2250381,403,393
900001,2245102,418,444
910001,1695189,400,423
920001,1927057,463,459
930001,2067105,468,424
940001,2181200,432,363
950001,2424181,450,412
960001,1192541,393,417
970001,1679624,453,494
980001,2764588,333,425
990001,1848046,411,423
1000001,2199455,385,447
1,348,144,46
10001,16370,269,283
20001,27770,291,415
30001,83616,248,388
40001,108911,305,340
50001,5782,278,262
60001,135955,288,310
70001,64349,300,305
80001,139344,381,399
90001,179189,264,303
100001,32464,306,279
110001,144685,293,447
120001,18189,280,319
130001,322339,274,285
140001,195369,235,314
150001,277260,310,369
160001,121874,314,369
170001,354272,314,424
180001,438553,298,289
190001,349736,279,304
200001,156414,359,408
210001,436180,318,384
220001,11160,315,330
230001,176719,293,331
240001,488490,334,375
250001,379984,303,388
260001,463381,375,286
270001,498511,293,378
280001,761405,320,401
290001,823616,326,332
300001,403468,321,339
310001,178904,461,450
320001,304111,316,399
330001,14137,359,346
340001,787671,373,411
350001,822504,346,363
360001,29540,366,340
370001,192367,479,347
380001,438760,300,424
390001,836138,336,388
400001,343673,287,374
410001,163708,330,389
420001,281789,393,380
430001,1172756,374,422
440001,259985,329,325
450001,207239,293,355
460001,156845,365,330
470001,514611,383,373
480001,1343088,320,385
490001,1124485,380,401
500001,982036,419,536
510001,203337,353,307
520001,68893,410,450
530001,1050941,414,440
540001,1369257,455,410
550001,1277704,381,421
560001,1272556,360,439
570001,1588603,397,392
580001,1180268,398,420
590001,47890,362,372
600001,98562,359,326
610001,453474,437,365
620001,679988,333,417
630001,1210925,364,457
640001,608107,413,398
650001,874332,365,481
660001,975793,320,429
670001,1725270,410,389
680001,1439177,456,430
690001,732445,308,395
700001,915506,415,370
710001,1749040,371,485
720001,912675,549,417
730001,256244,325,380
740001,1406576,355,383
750001,473154,377,380
760001,147953,352,312
770001,2144312,381,414
780001,1383330,439,397
790001,1620175,402,468
800001,1738980,400,385
810001,1825817,411,457
820001,1359588,386,399
830001,1622739,438,394
840001,657861,423,390
850001,435086,397,374
860001,1513854,438,446
870001,2036650,452,527
880001,2447569,391,379
890001,1822757,418,419
900001,2738640,486,497
910001,1149781,405,405
920001,2494193,435,417
930001,2185737,373,422
940001,1331984,376,439
950001,1224780,453,366
960001,771068,397,367
970001,1348329,391,382
980001,1705249,400,465
990001,2551512,442,444
1000001,1764443,453,494
1,155,155,38
10001,4999,257,267
20001,75230,332,410
30001,90208,272,418
40001,112592,268,317
50001,2393,301,264
60001,104244,308,313
70001,67461,274,296
80001,163806,309,333
90001,27202,315,296
100001,97168,305,323
110001,295614,281,340
120001,21379,315,408
130001,224664,309,333
140001,438074,322,355
150001,204825,279,349
160001,47629,347,385
170001,11268,286,259
180001,161725,360,384
190001,264110,351,363
200001,152280,322,340
210001,356942,327,342
220001,154863,373,397
230001,468422,295,372
240001,557797,296,369
250001,613498,299,373
260001,684194,305,399
270001,203617,345,347
280001,737022,339,304
290001,688620,328,397
300001,728394,407,400
310001,355163,326,348
320001,324007,357,348
330001,99152,392,387
340001,560495,404,376
350001,320593,315,383
360001,62086,379,484
370001,206413,382,345
380001,973836,335,362
390001,697266,364,363
400001,293452,331,403
410001,269404,338,364
420001,862803,377,366
430001,450516,326,364
440001,530686,415,405
450001,271107,349,357
460001,801858,378,406
470001,282340,350,365
480001,733354,345,405
490001,233392,346,354
500001,362227,400,418
510001,823223,374,398
520001,1383503,410,425
530001,646020,423,427
540001,270387,296,332
550001,980335,327,418
560001,1455958,416,449
570001,1422183,365,377
580001,124146,362,381
590001,1604358,425,361
600001,1100956,423,448
610001,1591517,446,451
620001,223171,300,352
630001,502819,318,376
640001,595869,371,419
650001,137144,382,316
660001,612217,365,423
670001,1310039,378,427
680001,1318683,421,499
690001,1391971,356,417
700001,255821,402,372
710001,1599737,417,439
720001,339298,351,391
730001,1000890,392,447
740001,1401848,437,445
750001,741073,323,364
760001,220202,357,354
770001,1451042,413,427
780001,611421,403,404
790001,2022082,461,405
800001,768933,363,350
810001,814014,441,444
820001,2080471,433,415
830001,673442,376,378
840001,1665087,418,444
850001,1862384,445,469
860001,490305,367,430
870001,1655035,470,405
880001,1218675,420,434
890001,692907,310,497
900001,1283180,407,483
910001,445767,360,412
920001,1076373,423,443
930001,1677009,461,435
940001,1963466,374,442
950001,1318567,351,497
960001,2172502,428,453
970001,1402369,364,417
980001,2404517,389,456
990001,580776,402,375
1000001,106439,405,391
1,311,153,46
10001,23086,399,510
20001,7023,430,419
30001,72423,299,376
40001,108267,353,360
50001,96176,292,360
60001,65608,273,319
70001,19502,335,347
80001,296599,355,497
90001,54977,276,297
100001,274892,299,316
110001,218789,363,512
120001,46223,275,295
130001,131142,281,346
140001,318085,277,329
150001,294386,274,400
160001,285380,293,380
170001,328646,302,360
180001,41542,339,401
190001,115228,334,414
200001,528972,316,406
210001,428717,344,414
220001,46893,311,391
230001,652038,362,375
240001,279972,293,352
250001,105597,387,397
260001,356986,302,355
270001,126831,296,309
280001,729218,347,359
290001,746338,333,398
300001,388421,362,412
310001,242450,321,335
320001,754216,352,360
330001,17165,345,268
340001,564374,347,405
350001,922756,371,400
360001,657673,384,361
370001,850469,318,397
380001,559008,336,415
390001,914371,324,422
400001,808500,352,431
410001,531581,359,364
420001,1109559,388,336
430001,1004025,369,392
440001,1174499,452,397
450001,1183096,401,441
460001,1298229,346,425
470001,1046694,425,517
480001,694616,362,364
490001,1161969,387,387
500001,891823,348,395
510001,963223,410,408
520001,461539,338,438
530001,1408547,384,426
540001,474678,382,406
550001,764843,396,362
560001,285615,319,337
570001,152717,304,338
580001,928532,406,442
590001,753453,336,427
600001,616893,339,369
610001,602355,382,441
620001,502085,363,355
630001,1053745,379,385
640001,646566,363,427
650001,1652289,408,424
660001,144698,384,407
670001,1068691,367,408
680001,413068,383,331
690001,1771240,440,434
700001,1792400,415,455
710001,205382,457,340
720001,1692058,413,459
730001,1330058,470,376
740001,504971,393,362
750001,67832,421,343
760001,1284532,588,334
770001,1913761,367,426
780001,1843268,409,362
790001,727086,389,364
800001,1724219,438,441
810001,178896,380,359
820001,1851409,377,424
830001,2323188,334,385
840001,1215864,372,433
850001,1957574,590,427
860001,716045,335,396
870001,1638162,350,399
880001,1834245,373,493
890001,804436,473,519
900001,260104,374,384
910001,1231045,445,409
920001,2569775,316,500
930001,543397,377,384
940001,1360438,376,452
950001,2340552,413,407
960001,1171999,582,851
970001,2257617,413,400
980001,2006911,401,420
990001,2669837,470,521
1000001,856324,356,454
1,104,133,41
10001,15542,251,265
20001,39754,234,303
30001,117534,445,393
40001,175477,306,442
50001,39469,282,345
60001,54221,400,310
70001,150351,235,300
80001,394769,328,424
90001,132748,256,331
100001,33310,285,329
110001,126372,367,432
120001,72255,312,334
130001,144252,311,325
140001,347186,336,393
150001,210084,286,389
160001,278772,313,346
170001,307569,333,351
180001,176707,309,326
190001,349147,279,369
200001,329101,305,350
210001,121831,417,374
220001,190247,359,410
230001,632822,294,387
240001,641092,358,309
250001,45033,437,365
260001,751837,251,337
270001,396116,298,333
280001,427248,326,340
290001,89937,461,411
300001,157627,317,371
310001,632464,341,438
320001,137578,361,430
330001,898937,320,378
340001,160061,347,432
350001,334880,350,386
360001,415174,344,333
370001,362737,328,373
380001,547568,373,386
390001,1108610,368,386
400001,966560,378,464
410001,726642,380,363
420001,662244,406,350
430001,707158,315,403
440001,1232158,404,399
450001,124898,303,361
460001,886506,339,343
470001,898124,366,437
480001,547729,310,360
490001,1209162,369,339
500001,1106823,324,390
510001,732356,352,380
520001,533286,384,401
530001,410533,359,373
540001,787825,397,426
550001,607075,388,428
560001,326792,444,348
570001,1614183,397,478
580001,262604,343,367
590001,1947061,396,398
600001,1247462,403,436
610001,279824,312,341
620001,946275,425,437
630001,796106,442,414
640001,1337727,328,443
650001,1704613,399,405
660001,1560839,463,378
670001,606142,380,373
680001,486220,401,399
690001,1824660,345,339
700001,417717,347,408
710001,1437454,446,392
720001,1680564,434,368
730001,1136830,445,451
740001,314272,301,341
750001,2004890,388,417
760001,633946,421,382
770001,1620840,367,449
780001,1932089,377,439
790001,520943,371,377
800001,2165106,421,436
810001,941884,506,482
820001,24697,304,340
830001,1463264,429,419
840001,1677578,409,481
850001,1981698,435,460
860001,1630883,388,469
870001,706036,371,415
880001,1722848,493,401
890001,1551647,415,491
900001,2420113,390,442
910001,2288798,411,375
920001,2410163,436,400
930001,131704,316,378
940001,163070,461,376
950001,2006412,354,400
960001,2672360,371,420
970001,267503,311,371
980001,2316751,392,454
990001,3016644,460,566
1000001,709669,395,418
1,126,154,50
10001,6593,267,251
20001,14406,271,368
30001,60033,513,501
40001,64461,549,438
50001,157283,308,342
60001,161566,305,354
70001,116771,305,320
80001,47978,353,300
90001,38354,302,294
100001,245193,244,358
110001,261423,285,349
120001,153483,334,358
130001,38391,286,308
140001,142425,261,340
150001,181876,288,311
160001,204156,355,384
170001,213455,301,326
180001,351762,340,359
190001,473502,356,339
200001,476817,341,347
210001,425590,360,370
220001,390582,328,384
230001,242323,315,312
240001,525488,279,351
250001,469881,301,381
260001,459516,327,409
270001,552602,299,368
280001,127222,375,411
290001,526160,359,382
300001,538143,362,403
310001,737703,326,394
320001,48872,368,366
330001,957462,253,287
340001,573840,364,399
350001,591103,323,355
360001,109229,387,367
370001,558930,321,399
380001,496793,344,389
390001,549950,388,384
400001,721269,426,388
410001,705365,400,356
420001,1198345,384,357
430001,287285,359,366
440001,560842,325,434
450001,773102,363,446
460001,93414,348,409
470001,1058204,406,378
480001,451482,375,368
490001,1166869,451,404
500001,920712,396,398
510001,123613,380,374
520001,1080505,406,406
530001,1020020,346,418
540001,847928,327,460
550001,1480683,344,417
560001,574805,349,364
570001,147271,453,447
580001,1307862,392,451
590001,1134015,349,433
600001,1376692,409,409
610001,1272155,366,440
620001,537893,275,432
630001,2139423,379,419
640001,1599681,389,454
650001,16016,399,367
660001,341062,389,351
670001,1342944,404,462
680001,1717179,406,434
690001,970297,416,460
700001,1050591,419,454
710001,1748701,398,423
720001,385710,372,300
730001,1380136,391,411
740001,1669322,397,440
750001,618433,427,428
760001,734284,403,456
770001,644060,388,395
780001,457030,321,336
790001,706701,375,425
800001,31706,370,317
810001,45707,381,324
820001,1694289,447,455
830001,1413633,392,467
840001,2024206,386,433
850001,2266591,426,380
860001,1161828,369,472
870001,2389868,426,402
880001,344473,377,430
890001,2291260,446,458
900001,2511776,352,441
910001,1768643,410,425
920001,2284308,321,441
930001,2566146,445,449
940001,1152328,367,455
950001,2545774,353,391
960001,2561130,390,434
970001,2329959,433,417
980001,381294,367,337
990001,860297,383,359
1000001,533438,429,394
1,96,135,41
10001,13603,290,394
20001,30169,314,431
30001,163849,230,416
40001,18052,307,322
50001,111554,278,343
60001,77997,383,391
70001,80545,276,341
80001,18956,357,364
90001,84165,371,449
100001,22733,301,260
110001,247171,279,364
120001,234806,277,352
130001,10694,267,273
140001,198233,378,402
150001,254966,288,300
160001,334787,349,366
170001,196658,289,301
180001,210304,303,396
190001,142823,388,423
200001,162774,404,361
210001,441215,344,415
220001,8183,366,348
230001,589480,323,339
240001,389087,305,389
250001,411766,293,355
260001,368652,285,325
270001,719688,304,407
280001,666821,335,398
290001,536492,369,389
300001,739929,377,380
310001,512834,346,331
320001,665272,352,382
330001,702204,374,383
340001,868574,331,351
350001,513763,347,400
360001,153069,327,424
370001,778100,421,346
380001,1017185,354,412
390001,607324,395,427
400001,227697,322,322
410001,884186,374,385
420001,779139,409,400
430001,506991,428,435
440001,129825,374,394
450001,804015,421,369
460001,801651,373,326
470001,361162,390,378
480001,146877,440,438
490001,198527,377,427
500001,445880,371,384
510001,1312518,355,451
520001,286185,333,403
530001,1029140,392,434
540001,696473,404,376
550001,615013,364,362
560001,667706,351,360
570001,549864,474,422
580001,993256,427,466
590001,1084100,425,429
600001,69983,441,327
610001,1558610,442,416
620001,1497794,400,452
630001,977346,394,524
640001,545535,421,425
650001,668618,377,393
660001,895277,482,446
670001,550355,374,362
680001,1331965,362,470
690001,1019787,409,430
700001,1151198,478,405
710001,262456,378,376
720001,1319032,392,446
730001,618354,287,377
740001,1185413,460,380
750001,6269,398,329
760001,2061591,395,389
770001,998832,419,355
780001,494576,365,392
790001,856174,342,431
800001,656366,341,371
810001,493881,368,399
820001,1044992,439,447
830001,477479,322,361
840001,1561085,375,410
850001,590615,401,392
860001,1274781,391,418
870001,600906,353,399
880001,356448,325,365
890001,860661,367,408
900001,2073478,446,445
910001,789926,380,346
920001,2166944,382,421
930001,310945,336,384
940001,415069,332,350
950001,2477385,366,418
960001,390072,370,397
970001,614080,410,424
980001,2571721,439,425
990001,125005,339,354
1000001,2824065,386,388
1,79,126,38
10001,30532,278,386
20001,75786,345,466
30001,6218,247,318
40001,61558,285,353
50001,104335,260,323
60001,4576,299,341
70001,164409,249,295
80001,388074,331,489
90001,175572,304,368
100001,171333,289,345
110001,220582,331,494
120001,162260,284,347
130001,17647,256,292
140001,10521,253,245
150001,63005,237,312
160001,155295,378,446
170001,270654,333,370
180001,336185,358,319
190001,501427,344,307
200001,266119,313,345
210001,166122,302,346
220001,379094,337,349
230001,531883,311,369
240001,388956,312,361
250001,535062,337,340
260001,96551,392,380
270001,553464,376,408
280001,275771,264,345
290001,613948,297,372
300001,650305,344,423
310001,672142,320,355
320001,520038,322,346
330001,690157,400,404
340001,903881,355,372
350001,814965,417,452
360001,572180,287,405
370001,703481,370,396
380001,149328,451,390
390001,381455,307,418
400001,328802,308,360
410001,1121054,378,414
420001,1185446,410,449
430001,219770,350,364
440001,147621,405,378
450001,1225742,487,413
460001,34176,394,354
470001,887626,382,424
480001,612038,419,457
490001,1183284,401,482
500001,118768,411,395
510001,430698,298,374
520001,888921,372,434
530001,617991,344,364
540001,741380,328,374
550001,885778,396,465
560001,590460,416,452
570001,354834,373,405
580001,1552745,389,384
590001,210869,451,392
600001,127919,404,322
610001,1406300,375,395
620001,502052,417,344
630001,77081,383,353
640001,263219,310,407
650001,1129843,429,427
660001,1065062,418,404
670001,1450064,380,402
680001,1335290,384,418
690001,1197688,483,461
700001,123628,452,462
710001,111026,406,384
720001,719295,376,419
730001,78818,306,304
740001,431057,322,376
750001,2084505,422,416
760001,2097292,361,448
770001,727755,397,398
780001,1815349,426,412
790001,758335,387,361
800001,619616,392,445
810001,153102,436,452
820001,1238608,427,433
830001,791762,450,400
840001,756411,404,438
850001,1489461,464,405
860001,1555786,360,425
870001,2298305,374,421
880001,2300867,351,407
890001,594799,439,422
900001,1876443,436,428
910001,659681,362,350
920001,1092114,432,439
930001,1787156,416,436
940001,1259598,426,466
950001,2137294,480,437
960001,926525,407,375
970001,551440,418,448
980001,509971,365,415
990001,1419714,358,419
1000001,896308,416,410
1,104,148,39
10001,18091,360,391
20001,2224,330,256
30001,25117,352,380
40001,2618,259,278
50001,43232,348,360
60001,170478,372,407
70001,52420,282,330
80001,125024,365,408
90001,178107,257,322
100001,39898,307,377
110001,276989,247,333
120001,143074,334,387
130001,11056,288,258
140001,301745,294,324
150001,276041,318,331
160001,89971,322,351
170001,490704,255,301
180001,72852,296,374
190001,63608,327,372
200001,93334,360,372
210001,182078,349,351
220001,438482,278,401
230001,230623,277,322
240001,642708,281,327
250001,208396,399,389
260001,233081,405,462
270001,550842,258,395
280001,425454,321,359
290001,104936,437,410
300001,644094,362,360
310001,861745,280,415
320001,247170,333,341
330001,326040,343,384
340001,62210,397,363
350001,377897,359,327
360001,92140,369,367
370001,116653,376,416
380001,121855,412,407
390001,905864,310,387
400001,514414,413,372
410001,648370,363,392
420001,921139,415,404
430001,218592,357,387
440001,1180954,330,397
450001,260926,319,359
460001,272159,328,331
470001,1198471,368,384
480001,309500,322,394
490001,593104,394,377
500001,877630,444,426
510001,280793,352,379
520001,930604,367,427
530001,986463,395,499
540001,27947,403,303
550001,111209,401,441
560001,832000,360,399
570001,721054,410,422
580001,197906,357,331
590001,303869,303,401
600001,1071747,406,390
610001,1040736,389,509
620001,1092304,428,445
630001,120238,346,330
640001,1065098,406,500
650001,390074,369,359
660001,1733754,389,390
670001,1764251,392,386
680001,602810,427,449
690001,744053,437,378
700001,1095656,405,400
710001,1208971,360,432
720001,1473498,462,432
730001,1365914,417,429
740001,1903333,353,411
750001,343502,357,404
760001,2066669,386,453
770001,1126094,371,371
780001,1754809,417,472
790001,1849935,407,401
800001,1925469,416,477
810001,1539632,455,452
820001,678160,363,427
830001,1791710,471,408
840001,852649,402,385
850001,1735341,437,413
860001,829326,398,375
870001,874123,342,398
880001,1821125,485,442
890001,2470353,344,386
900001,1166191,410,417
910001,1903505,393,429
920001,462214,354,351
930001,1725129,442,396
940001,992228,432,449
950001,2308820,429,392
960001,613206,382,357
970001,2247411,423,450
980001,876000,414,457
990001,2125126,413,421
1000001,920287,442,411
1,69,120,42
10001,26668,281,394
20001,38589,424,403
30001,148613,346,457
40001,25987,291,327
50001,100918,295,304
60001,298547,313,492
70001,30819,299,235
80001,205292,270,325
90001,173984,305,329
100001,10235,299,281
110001,378311,349,432
120001,46414,298,327
130001,167408,306,366
140001,156168,299,333
150001,27868,332,332
160001,230474,321,336
170001,497618,290,340
180001,513090,221,370
190001,452100,316,431
200001,285026,319,419
210001,365429,361,365
220001,109973,464,373
230001,272385,344,351
240001,436327,343,351
250001,705436,368,378
260001,113212,378,382
270001,361087,319,410
280001,271141,338,381
290001,226180,451,424
300001,651899,247,398
310001,674741,363,338
320001,87454,343,328
330001,888480,320,370
340001,851603,375,332
350001,317944,294,357
360001,993972,343,380
370001,748504,393,373
380001,5040,352,270
390001,34246,403,367
400001,119898,467,426
410001,536751,369,396
420001,1039550,389,352
430001,1016454,317,416
440001,979332,310,404
450001,262062,264,349
460001,105148,375,420
470001,642655,379,397
480001,1242402,375,446
490001,770039,313,355
500001,830103,382,442
510001,313344,246,376
520001,312444,397,389
530001,203219,342,343
540001,186775,335,407
550001,1373657,391,437
560001,232773,347,368
570001,665513,329,368
580001,854074,343,369
590001,1549935,412,349
600001,1251054,400,421
610001,505492,401,390
620001,1713709,384,443
630001,808110,476,435
640001,1438324,395,462
650001,712150,401,434
660001,1844882,403,416
670001,334278,392,354
680001,625,329,254
690001,537596,367,343
700001,1743397,363,385
710001,127752,464,412
720001,1827045,397,378
730001,1717788,415,507
740001,853760,425,598
750001,1408167,345,463
760001,1173587,356,492
770001,1822230,414,458
780001,2184512,465,393
790001,1266411,342,482
800001,1863780,467,417
810001,1473790,446,388
820001,1347006,420,442
830001,1989703,379,399
840001,1647769,373,404
850001,2171262,413,394
860001,72808,418,376
870001,507555,293,376
880001,2043212,443,494
890001,2057638,350,396
900001,692522,396,419
910001,1763739,411,446
920001,266405,382,398
930001,1487857,394,382
940001,1694954,478,472
950001,866157,362,422
960001,1850046,425,467
970001,1730648,402,414
980001,340468,467,396
990001,2737402,376,413
1000001,2350636,405,428
1,95,146,41
10001,9483,254,288
20001,45988,309,448
30001,91833,520,367
40001,126367,336,323
50001,26153,299,306
60001,285917,305,489
70001,15453,257,290
80001,88686,313,365
90001,109830,325,350
100001,168598,387,372
110001,6158,266,271
120001,114894,244,342
130001,1901,297,241
140001,391788,303,359
150001,431852,307,340
160001,253189,349,358
170001,360930,278,377
180001,188827,442,478
190001,130187,351,418
200001,467980,319,292
210001,628552,319,368
220001,216043,326,379
230001,49672,370,384
240001,476686,286,394
250001,704707,359,385
260001,677395,367,342
270001,320629,282,332
280001,156503,310,331
290001,710010,325,408
300001,71409,346,374
310001,898127,377,350
320001,622264,358,407
330001,537726,264,337
340001,665808,340,364
350001,289848,271,354
360001,249012,310,421
370001,607783,349,372
380001,295032,272,360
390001,210758,355,385
400001,732715,362,365
410001,488371,465,368
420001,866528,376,373
430001,440812,332,360
440001,114159,378,410
450001,1136439,391,399
460001,14976,412,357
470001,544903,366,397
480001,1290365,347,407
490001,542574,350,413
500001,1312856,367,431
510001,563447,340,381
520001,728399,375,383
530001,1296253,351,440
540001,185065,396,371
550001,1147944,347,422
560001,1003538,390,398
570001,1441485,417,467
580001,617998,409,411
590001,206916,335,356
600001,1553576,427,405
610001,1152256,387,395
620001,1450137,406,434
630001,1749340,413,410
640001,768829,438,400
650001,1210539,381,482
660001,1118198,375,375
670001,1790120,380,419
680001,1770569,363,439
690001,1327832,405,398
700001,765798,381,402
710001,731658,449,432
720001,1421966,468,461
730001,1805319,348,440
740001,1562526,370,393
750001,1990395,387,409
760001,1606195,403,427
770001,153648,324,368
780001,1040355,392,432
790001,828944,367,470
800001,1700500,385,446
810001,245790,454,514
820001,1275245,395,411
830001,1099244,418,434
840001,908555,413,428
850001,1215575,387,441
860001,2175059,440,428
870001,373809,402,331
880001,1967487,408,421
890001,2180628,366,465
900001,1092051,376,417
910001,133664,376,433
920001,2084761,382,436
930001,1653979,427,411
940001,2638449,438,392
950001,1796242,400,405
960001,2539047,379,448
970001,147517,394,506
980001,1619322,499,426
990001,313305,387,394
1000001,2478032,419,401
1,97,141,44
10001,35759,308,366
20001,26141,396,373
30001,34195,337,420
40001,41990,319,329
50001,58979,325,328
60001,197148,303,332
70001,174047,272,340
80001,225845,267,304
90001,186250,248,350
100001,159297,339,322
110001,240142,292,314
120001,275050,278,360
130001,326565,305,283
140001,321413,271,325
150001,156012,300,318
160001,399698,261,321
170001,260090,325,346
180001,137261,303,324
190001,421135,283,311
200001,49870,354,325
210001,202096,359,328
220001,418846,319,354
230001,33037,358,379
240001,183881,364,334
250001,779408,284,387
260001,142728,288,357
270001,476301,303,425
280001,402451,355,397
290001,646321,279,354
300001,785208,398,396
310001,673266,317,368
320001,782871,372,382
330001,309381,242,352
340001,814019,340,364
350001,72298,385,391
360001,571947,330,393
370001,426145,335,375
380001,846385,432,405
390001,1063994,420,413
400001,755387,399,416
410001,668839,335,429
420001,115352,328,370
430001,1084490,381,356
440001,692733,377,378
450001,874548,397,378
460001,1190434,417,440
470001,527333,327,374
480001,1107148,430,350
490001,369479,290,399
500001,80396,384,443
510001,363335,364,370
520001,14303,437,436
530001,1096204,428,463
540001,1336836,408,449
550001,418024,314,364
560001,653125,429,385
570001,608096,397,354
580001,1167647,445,500
590001,762799,367,364
600001,420917,369,394
610001,1114354,366,417
620001,538195,373,401
630001,1541146,324,420
640001,852573,326,447
650001,1671224,420,439
660001,1056345,386,406
670001,894052,378,481
680001,854622,401,464
690001,280978,403,402
700001,1764068,478,431
710001,1509783,407,408
720001,1080732,367,412
730001,973822,401,507
740001,1360392,445,439
750001,843292,333,390
760001,358016,371,442
770001,1088891,337,469
780001,141371,425,380
790001,445617,317,383
800001,1214246,443,447
810001,319828,332,384
820001,1615039,679,415
830001,94234,360,428
840001,75455,429,415
850001,1066728,428,462
860001,1662874,423,446
870001,617974,432,459
880001,711796,394,388
890001,821606,407,398
900001,2270291,408,440
910001,2389600,375,422
920001,1235365,404,431
930001,1821628,412,385
940001,399738,334,364
950001,832077,405,373
960001,2639461,386,419
970001,1158686,433,384
980001,807591,436,468
990001,1406294,468,413
1000001,2588416,450,420
1,137,166,54
10001,5542,234,339
20001,23846,275,304
30001,105575,337,443
40001,36616,365,374
50001,38702,231,262
60001,25787,271,279
70001,2208,263,275
80001,250705,276,321
90001,139549,339,327
100001,121648,315,327
110001,228112,303,350
120001,189080,297,345
130001,317125,271,325
140001,314602,308,373
150001,337863,288,320
160001,291591,277,403
170001,260780,315,326
180001,43887,290,312
190001,528573,310,367
200001,462079,323,394
210001,591142,309,368
220001,419173,299,381
230001,636933,331,332
240001,410388,310,360
250001,154757,310,341
260001,66091,407,383
270001,417268,276,413
280001,445936,284,363
290001,464276,343,393
300001,757811,367,388
310001,845087,312,364
320001,749218,347,452
330001,548686,302,379
340001,811803,362,357
350001,171765,360,364
360001,301963,321,359
370001,518941,325,380
380001,713608,365,355
390001,468543,334,397
400001,346727,339,429
410001,913118,356,365
420001,77439,360,390
430001,1191676,359,355
440001,578057,357,377
450001,1184485,353,406
460001,261807,299,364
470001,406943,354,387
480001,461866,336,417
490001,1336046,420,373
500001,640331,382,424
510001,484549,348,396
520001,1002850,387,362
530001,785440,433,346
540001,1289964,375,443
550001,37600,421,365
560001,210635,341,366
570001,424327,321,463
580001,499679,336,352
590001,915957,449,385
600001,1151433,371,419
610001,1149530,415,396
620001,1522594,353,403
630001,1091483,321,388
640001,1376519,371,362
650001,42183,477,398
660001,1000835,382,484
670001,1017671,417,495
680001,1601630,362,427
690001,1141007,428,489
700001,847900,347,356
710001,1335288,394,364
720001,1388614,364,387
730001,1364115,363,410
740001,1575849,401,441
750001,2097126,378,514
760001,407841,398,390
770001,492505,403,374
780001,733993,340,350
790001,105730,420,393
800001,2013013,433,466
810001,2083447,426,448
820001,1096432,375,459
830001,1300829,455,358
840001,201625,369,341
850001,429316,308,398
860001,203586,311,384
870001,224638,328,371
880001,2071023,418,446
890001,1420456,476,459
900001,123450,450,494
910001,2516190,412,452
920001,1738275,381,446
930001,1548608,401,482
940001,2580773,498,372
950001,1136502,407,467
960001,214054,334,461
970001,1464956,391,442
980001,2330516,431,424
990001,1614315,464,518
1000001,1921246,403,453
1,79,161,44
10001,25896,267,321
20001,76102,288,420
30001,7832,393,419
40001,21069,327,371
50001,4835,288,302
60001,32973,298,319
70001,93872,335,333
80001,78560,292,301
90001,72807,291,361
100001,125982,352,347
110001,552682,339,430
120001,269114,296,313
130001,197007,282,312
140001,326220,312,393
150001,240884,308,374
160001,33414,274,297
170001,192056,312,316
180001,282785,265,335
190001,408528,287,372
200001,372545,290,344
210001,539448,317,317
220001,410955,305,355
230001,380672,302,338
240001,96965,395,399
250001,649546,327,391
260001,109963,311,317
270001,502390,296,400
280001,608535,315,386
290001,809442,343,398
300001,489338,314,459
310001,115703,450,419
320001,539060,381,410
330001,32632,399,446
340001,261312,366,392
350001,46098,307,279
360001,20949,330,350
370001,978242,372,368
380001,872645,400,401
390001,124062,347,487
400001,1121235,407,425
410001,732270,324,400
420001,300916,352,376
430001,146651,295,349
440001,677546,331,361
450001,1169245,391,407
460001,2848,395,310
470001,88000,398,400
480001,610235,346,393
490001,840487,398,341
500001,90148,427,376
510001,476145,344,402
520001,1126551,415,358
530001,498122,381,391
540001,1015237,377,404
550001,1035294,421,416
560001,350457,363,338
570001,345969,392,338
580001,1090716,361,447
590001,624762,333,413
600001,934881,418,418
610001,1447482,358,479
620001,11448,381,329
630001,833173,416,464
640001,265687,343,418
650001,451487,372,375
660001,1054186,382,452
670001,861356,396,442
680001,79865,391,387
690001,1417320,414,498
700001,194676,355,361
710001,1399297,413,509
720001,765251,324,414
730001,839098,372,443
740001,1110967,382,429
750001,1616345,414,444
760001,1014035,442,406
770001,186508,403,381
780001,926123,406,332
790001,1548466,383,426
800001,28416,359,346
810001,508616,324,409
820001,1504768,442,416
830001,2372976,400,487
840001,679822,328,415
850001,2085666,369,419
860001,1419267,369,499
870001,2398118,360,316
880001,112219,419,398
890001,1335602,382,370
900001,217830,356,363
910001,1276845,392,391
920001,1857985,462,477
930001,327225,447,427
940001,2173111,362,505
950001,400850,327,383
960001,673408,420,385
970001,784795,432,371
980001,204174,349,375
990001,175479,412,469
1000001,352528,332,338
1,96,145,38
10001,3004,260,337
20001,44569,424,412
30001,70514,413,439
40001,185720,605,365
50001,64797,278,343
60001,135259,268,308
70001,9671,289,280
80001,46967,277,300
90001,60677,319,346
100001,43321,265,305
110001,225563,287,354
120001,158003,264,332
130001,346487,326,348
140001,193716,295,370
150001,157007,279,333
160001,247492,310,346
170001,79565,321,361
180001,443843,328,356
190001,544888,291,340
200001,91650,255,313
210001,310836,298,379
220001,626375,304,348
230001,465030,322,351
240001,219250,316,349
250001,182010,363,413
260001,735470,339,375
270001,552340,338,414
280001,684543,280,308
290001,794828,267,369
300001,260907,307,349
310001,337434,304,367
320001,572469,282,368
330001,654396,303,320
340001,319969,351,360
350001,855810,361,426
360001,287591,380,406
370001,873095,430,387
380001,30653,347,362
390001,202968,302,339
400001,394208,394,339
410001,1011937,391,303
420001,367740,344,357
430001,506853,338,398
440001,251433,414,401
450001,1059360,429,445
460001,381525,325,369
470001,657817,371,410
480001,897980,421,394
490001,501659,371,407
500001,728663,318,381
510001,746713,402,385
520001,589786,328,384
530001,1207924,423,455
540001,50666,401,395
550001,1271428,380,448
560001,837965,371,426
570001,368895,372,376
580001,740649,374,384
590001,1265451,376,392
600001,448758,341,405
610001,1196148,346,458
620001,1022625,416,415
630001,1001070,426,424
640001,1017486,410,416
650001,316040,383,403
660001,1277855,378,401
670001,1010049,385,422
680001,735101,342,411
690001,941819,435,398
700001,170011,334,345
710001,1709382,359,443
720001,1238797,414,404
730001,1650288,421,456
740001,342014,347,410
750001,1217224,353,484
760001,1355754,416,447
770001,236371,358,331
780001,184930,385,395
790001,1452999,394,420
800001,2051842,397,414
810001,188009,320,374
820001,1710801,448,362
830001,1484720,432,425
840001,748898,448,419
850001,1615233,441,437
860001,2348038,373,410
870001,2381234,390,408
880001,2422753,423,418
890001,2371911,399,444
900001,1483539,452,500
910001,814385,445,459
920001,228846,375,314
930001,247675,305,369
940001,1591849,439,456
950001,1489024,430,389
960001,820076,399,409
970001,1667983,433,464
980001,1700646,416,447
990001,2671773,443,406
1000001,1404118,377,471
1,96,134,41
10001,20924,249,313
20001,57466,293,328
30001,124543,323,444
40001,41207,315,285
50001,110582,284,303
60001,96658,304,331
70001,71930,303,360
80001,268951,356,491
90001,96283,295,316
100001,182401,357,453
110001,141283,353,336
120001,134186,327,377
130001,78714,301,326
140001,243836,244,357
150001,112350,273,338
160001,255284,289,357
170001,422104,290,283
180001,375237,282,370
190001,11282,331,355
200001,352524,307,345
210001,534443,323,329
220001,378005,360,363
230001,87035,407,387
240001,501648,322,327
250001,284462,403,370
260001,583976,342,364
270001,490553,325,365
280001,491915,355,374
290001,590851,326,394
300001,720359,336,415
310001,432537,375,376
320001,331472,333,361
330001,830456,276,376
340001,822149,323,356
350001,605081,340,390
360001,9207,378,347
370001,200971,365,464
380001,92692,395,396
390001,659619,451,423
400001,693100,404,453
410001,463006,334,371
420001,839255,384,416
430001,987198,426,511
440001,698306,345,382
450001,386287,353,344
460001,1064494,316,412
470001,866195,408,390
480001,746466,379,365
490001,604310,386,396
500001,28151,331,373
510001,882412,436,390
520001,56312,372,353
530001,1326396,413,456
540001,204382,344,398
550001,1437089,441,427
560001,1402591,449,464
570001,1416714,491,403
580001,1430436,352,462
590001,1082585,342,429
600001,1248382,407,431
610001,315708,397,391
620001,1113142,388,443
630001,1513097,399,406
640001,1035958,469,425
650001,2509748,400,417
660001,709656,358,380
670001,1655157,378,466
680001,822092,402,357
690001,666235,423,487
700001,660601,371,368
710001,389534,368,435
720001,1091265,472,491
730001,1211756,415,445
740001,2018227,459,434
750001,1804508,368,469
760001,496768,328,415
770001,1082405,390,407
780001,1312151,476,445
790001,275837,357,405
800001,503660,377,375
810001,337642,373,363
820001,1620886,377,445
830001,969517,426,416
840001,951058,467,479
850001,1749118,420,454
860001,91753,347,359
870001,1787828,387,493
880001,720602,368,403
890001,1886881,405,408
900001,1034361,433,413
910001,2475634,344,440
920001,344118,885,979
930001,1599775,411,492
940001,2436421,435,438
950001,2182913,413,477
960001,914753,431,424
970001,1944820,444,385
980001,1910100,368,459
990001,2360566,411,386
1000001,1010716,379,416
1,90,152,41
10001,23444,312,396
20001,75013,286,415
30001,83717,293,439
40001,68343,284,370
50001,126947,286,291
60001,37754,338,389
70001,74004,239,327
80001,212914,403,320
90001,100267,285,323
100001,222615,362,300
110001,185461,313,309
120001,25759,308,300
130001,113824,283,374
140001,236026,315,359
150001,214910,310,365
160001,61195,355,370
170001,259066,321,354
180001,478930,395,340
190001,118619,306,358
200001,381012,326,387
210001,174002,305,336
220001,568678,355,377
230001,554411,345,381
240001,673873,359,425
250001,470888,341,409
260001,293648,310,370
270001,84711,327,377
280001,638364,362,429
290001,287743,356,407
300001,797420,350,383
310001,219307,348,352
320001,882261,369,358
330001,514092,286,350
340001,611146,392,368
350001,830300,404,391
360001,246850,339,349
370001,162073,367,409
380001,1056332,322,382
390001,277312,310,419
400001,39937,373,394
410001,1001993,379,423
420001,586955,342,395
430001,1056191,453,435
440001,535889,379,369
450001,738719,411,369
460001,517490,317,403
470001,1246589,357,409
480001,832729,418,367
490001,330455,397,399
500001,737651,413,405
510001,573412,389,361
520001,1184001,439,435
530001,901094,394,423
540001,133147,316,383
550001,71210,370,391
560001,10051,370,352
570001,343675,358,327
580001,980235,438,406
590001,814022,383,360
600001,1175001,422,400
610001,429493,365,434
620001,1233613,438,403
630001,952891,426,483
640001,568127,428,401
650001,950774,388,367
660001,1380441,351,409
670001,355765,342,352
680001,1405395,433,480
690001,1398400,370,408
700001,1206074,431,380
710001,545989,362,424
720001,591352,379,356
730001,448960,419,400
740001,1753538,396,418
750001,1327885,445,367
760001,933699,451,476
770001,1749573,423,473
780001,124268,386,376
790001,1741040,396,394
800001,1584309,470,457
810001,71780,393,406
820001,910125,383,404
830001,466234,385,416
840001,463430,377,364
850001,487401,358,367
860001,1704235,407,444
870001,2365234,427,420
880001,1827021,390,471
890001,2109365,392,375
900001,901383,420,488
910001,1986486,359,427
920001,1217307,436,489
930001,1050375,402,446
940001,1829641,378,486
950001,1430843,450,448
960001,2026295,400,461
970001,254697,308,315
980001,628843,432,491
990001,2616117,340,411
1000001,29974,361,368
1,75,207,42
10001,1868,259,275
20001,28100,313,367
30001,100029,440,490
40001,111692,313,454
50001,50787,260,346
60001,87374,351,400
70001,49688,228,264
80001,162578,298,346
90001,2288,354,273
100001,265300,264,312
110001,10544,348,346
120001,296187,267,353
130001,83126,334,330
140001,382001,281,287
150001,37042,299,305
160001,270852,300,366
170001,233455,307,356
180001,45406,335,348
190001,234699,300,304
200001,153909,376,400
210001,3053,318,282
220001,204455,262,293
230001,17389,343,357
240001,336203,293,340
250001,340228,326,353
260001,428836,355,376
270001,807579,384,489
280001,152355,359,341
290001,77811,327,393
300001,575560,307,392
310001,851418,285,339
320001,120325,409,431
330001,135987,364,429
340001,305342,276,377
350001,502172,294,407
360001,342925,326,502
370001,276951,294,389
380001,649554,350,437
390001,649734,333,407
400001,700428,373,378
410001,359026,327,397
420001,771580,439,366
430001,776144,322,494
440001,494422,362,417
450001,194660,322,387
460001,1081805,419,466
470001,467780,376,363
480001,1052231,404,472
490001,1237446,389,407
500001,344391,304,373
510001,637070,413,398
520001,1317706,385,411
530001,139967,333,381
540001,615733,368,421
550001,122694,381,421
560001,1103924,437,434
570001,163084,369,357
580001,459802,322,353
590001,293609,368,324
600001,1746181,422,387
610001,704839,364,440
620001,1261658,397,402
630001,1723195,350,384
640001,1749111,408,418
650001,387619,351,380
660001,1301538,397,485
670001,575405,356,393
680001,1000925,370,409
690001,1928349,325,382
700001,186224,441,480
710001,624491,483,402
720001,117957,405,396
730001,1980020,444,445
740001,641817,320,372
750001,107195,400,388
760001,512260,401,424
770001,217137,367,330
780001,1242363,409,430
790001,763950,359,442
800001,354062,353,430
810001,1858004,424,433
820001,469939,394,479
830001,954300,456,417
840001,227772,362,384
850001,583750,390,385
860001,936991,377,381
870001,1243319,381,368
880001,2197282,336,442
890001,647381,426,414
900001,954574,324,422
910001,1524891,470,448
920001,950328,383,359
930001,1334871,392,438
940001,987553,393,422
950001,1721981,432,416
960001,1898872,436,417
970001,873861,358,454
980001,2437887,384,425
990001,1865300,446,474
1000001,1016136,419,391
1,102,143,41
10001,40765,322,389
20001,5039,268,279
30001,134205,452,478
40001,139242,571,641
50001,32581,302,315
60001,110576,312,300
70001,35894,323,309
80001,156993,291,340
90001,92163,320,306
100001,132162,375,345
110001,83445,303,459
120001,90859,254,346
130001,71909,321,305
140001,176120,349,390
150001,310367,272,385
160001,399147,314,264
170001,27149,358,364
180001,319573,304,370
190001,500347,322,308
200001,93928,304,332
210001,234737,337,333
220001,541471,271,367
230001,505752,278,381
240001,618859,358,346
250001,616759,320,362
260001,476129,318,346
270001,738360,316,350
280001,184334,205,339
290001,294880,353,387
300001,489638,398,469
310001,449131,323,413
320001,655794,378,355
330001,657819,345,463
340001,904493,341,443
350001,496115,421,387
360001,844781,381,399
370001,528842,347,436
380001,641276,416,385
390001,1047769,369,364
400001,288407,365,355
410001,976043,365,395
420001,81153,451,477
430001,189942,384,435
440001,937448,283,394
450001,150237,315,379
460001,1092186,335,438
470001,695321,319,419
480001,643678,413,413
490001,82472,389,383
500001,91191,451,451
510001,1043197,400,458
520001,885773,370,385
530001,1165384,415,375
540001,702028,354,415
550001,771423,372,491
560001,724569,432,388
570001,1091679,411,406
580001,787571,443,452
590001,1568050,385,443
600001,1443189,387,463
610001,388432,417,343
620001,1622709,464,404
630001,1524283,399,475
640001,1337601,437,426
650001,971915,365,443
660001,1495796,382,406
670001,959852,412,401
680001,566218,433,354
690001,1178234,484,451
700001,522559,405,404
710001,855638,463,485
720001,385571,330,430
730001,960778,428,452
740001,632497,362,387
750001,1906365,372,462
760001,1911867,430,424
770001,2147400,440,343
780001,1184374,455,419
790001,796878,374,410
800001,1714163,326,401
810001,1721537,400,469
820001,1718576,351,406
830001,1159689,373,468
840001,263082,390,370
850001,729507,372,382
860001,2414025,408,395
870001,855563,382,360
880001,578991,482,481
890001,1738836,458,416
900001,1172798,397,378
910001,665904,413,420
920001,1218983,421,407
930001,1979765,413,397
940001,2368696,345,430
950001,2361100,389,390
960001,967180,397,398
970001,1144840,419,437
980001,1179070,390,437
990001,641030,437,474
1000001,1603398,572,423
1,79,130,40
10001,1573,270,247
20001,58267,281,394
30001,75078,314,410
40001,63219,296,391
50001,24670,303,281
60001,306258,337,474
70001,101731,251,284
80001,99092,335,343
90001,163272,270,318
100001,70844,319,390
110001,296655,242,333
120001,106751,321,325
130001,4483,285,230
140001,116465,361,390
150001,18693,371,315
160001,190372,268,351
170001,297023,287,359
180001,150215,359,434
190001,201872,348,350
200001,456663,280,309
210001,101496,374,418
220001,417244,317,363
230001,144478,381,319
240001,130625,343,357
250001,362749,304,347
260001,737877,324,390
270001,235510,303,330
280001,71489,335,390
290001,323040,349,380
300001,303155,341,348
310001,486537,367,344
320001,584928,324,358
330001,750892,363,441
340001,785558,335,429
350001,405108,351,338
360001,347456,313,367
370001,744132,301,378
380001,736531,344,391
390001,1060570,370,390
400001,98642,352,346
410001,940116,427,390
420001,1042849,365,406
430001,635148,387,403
440001,425393,496,347
450001,425769,331,421
460001,1153515,417,394
470001,817418,341,403
480001,70852,347,358
490001,869216,425,387
500001,261375,326,332
510001,1285610,375,408
520001,181421,316,331
530001,167014,461,388
540001,443889,398,423
550001,409558,299,420
560001,569314,406,392
570001,144923,340,399
580001,1221489,398,377
590001,1108569,374,407
600001,1494926,327,354
610001,1337070,414,434
620001,1427242,365,405
630001,1724375,410,384
640001,1321323,387,476
650001,1597853,411,468
660001,1862579,363,414
670001,355779,388,378
680001,94834,395,402
690001,1754750,487,474
700001,886980,364,442
710001,1298991,456,468
720001,857525,462,401
730001,1698754,424,440
740001,633241,417,470
750001,1822225,449,500
760001,742857,387,367
770001,1698839,379,435
780001,349494,347,354
790001,309167,352,407
800001,1792401,426,436
810001,1255781,553,440
820001,2013779,412,420
830001,547534,343,398
840001,1009286,462,419
850001,1244623,384,433
860001,2102831,459,418
870001,416538,327,410
880001,1304130,404,408
890001,1716525,410,446
900001,5825,383,311
910001,1144860,379,480
920001,1445048,402,394
930001,1863355,393,527
940001,1747404,365,476
950001,2215629,415,449
960001,64639,372,387
970001,699342,449,367
980001,2113164,375,441
990001,1323334,396,427
1000001,2218297,425,436
1,88,153,41
10001,10536,299,361
20001,9744,337,365
30001,99204,324,523
40001,84133,244,355
50001,120370,268,341
60001,26149,317,308
70001,142400,387,456
80001,280981,351,457
90001,259280,254,305
100001,71201,331,365
110001,188247,299,381
120001,224668,276,352
130001,352594,267,325
140001,169896,284,330
150001,106366,265,314
160001,46211,318,302
170001,139681,350,408
180001,442572,321,347
190001,385056,309,321
200001,407974,323,338
210001,87630,314,380
220001,619510,275,373
230001,22571,370,344
240001,1093,342,283
250001,679259,313,351
260001,370935,316,380
270001,286496,293,369
280001,725964,346,408
290001,377878,384,376
300001,717953,295,344
310001,435636,332,370
320001,793006,374,363
330001,137733,387,360
340001,704984,404,387
350001,880011,315,329
360001,629734,378,364
370001,665574,404,459
380001,873481,410,398
390001,1091661,396,381
400001,232498,430,314
410001,291046,346,356
420001,905352,400,413
430001,860440,396,419
440001,1008426,421,410
450001,1228682,407,364
460001,820025,352,520
470001,350427,363,376
480001,664238,351,449
490001,1204432,413,469
500001,460093,382,450
510001,968244,406,418
520001,621632,373,500
530001,1150820,377,376
540001,393685,372,353
550001,1210494,435,418
560001,253259,382,315
570001,353322,395,400
580001,981741,449,401
590001,330066,402,341
600001,287236,311,338
610001,260187,316,387
620001,201809,368,337
630001,639793,333,420
640001,1334130,408,459
650001,1348471,422,423
660001,466545,408,425
670001,811835,417,414
680001,1826128,426,427
690001,1568859,472,427
700001,955003,403,461
710001,1231821,451,356
720001,1630623,419,398
730001,2026616,401,433
740001,1527000,428,436
750001,1048364,410,452
760001,218434,341,403
770001,1720684,420,377
780001,1693219,384,398
790001,2049020,462,521
800001,1438533,312,454
810001,1310211,410,464
820001,149074,374,330
830001,479666,370,374
840001,1202529,323,479
850001,1033640,389,408
860001,903992,403,408
870001,23872,360,346
880001,1066014,422,449
890001,573990,466,409
900001,1974284,402,415
910001,1752211,428,413
920001,567176,436,402
930001,2594468,424,414
940001,739970,395,382
950001,608625,334,377
960001,443623,351,341
970001,7050,361,324
980001,2237546,475,445
990001,1633277,480,432
1000001,275240,339,396
1,77,121,38
10001,40873,279,412
20001,33800,299,398
30001,59787,444,458
40001,175336,457,461
50001,66421,265,332
60001,207344,321,424
70001,180997,266,303
80001,366683,381,500
90001,149293,283,337
100001,174325,265,327
110001,118404,334,322
120001,42638,288,310
130001,213035,322,331
140001,80274,356,284
150001,389562,265,298
160001,98190,313,337
170001,151439,271,434
180001,514676,279,332
190001,370666,289,388
200001,409487,376,347
210001,391126,340,381
220001,165529,304,353
230001,387098,319,288
240001,164202,415,434
250001,134138,310,331
260001,384945,310,314
270001,530758,360,375
280001,93062,326,394
290001,103049,312,358
300001,595697,360,389
310001,432792,384,351
320001,302936,308,346
330001,486997,339,404
340001,868866,385,449
350001,715587,385,386
360001,668145,355,434
370001,725173,330,422
380001,347983,323,377
390001,794564,355,422
400001,84720,398,372
410001,441536,340,375
420001,157407,421,405
430001,1218474,415,371
440001,1232456,360,386
450001,418350,361,374
460001,45065,387,427
470001,585378,340,406
480001,763556,408,349
490001,199598,347,399
500001,1234159,361,386
510001,478627,428,391
520001,1105570,445,410
530001,995597,359,478
540001,286032,322,344
550001,454889,310,379
560001,522940,334,342
570001,632319,343,368
580001,1257190,408,403
590001,370930,368,404
600001,120695,410,459
610001,715601,381,412
620001,1050524,435,436
630001,412702,385,368
640001,1352396,391,444
650001,953776,353,401
660001,420125,433,449
670001,79391,356,437
680001,1006130,382,413
690001,230258,368,397
700001,276876,370,377
710001,1571166,422,440
720001,1229002,446,458
730001,1086526,382,360
740001,1862632,425,429
750001,81948,403,372
760001,844326,472,461
770001,92687,311,356
780001,1783299,381,417
790001,591105,369,403
800001,1234194,378,450
810001,42171,388,371
820001,2121555,402,491
830001,197146,320,348
840001,1103834,437,383
850001,2378050,433,442
860001,339771,301,394
870001,790597,326,452
880001,1726121,458,417
890001,1672196,437,549
900001,578395,377,384
910001,2158055,493,474
920001,2265188,390,368
930001,620794,403,369
940001,738783,409,463
950001,1163800,448,494
960001,491912,353,368
970001,1437326,389,440
980001,719040,403,411
990001,1575707,442,495
1000001,306787,348,359
1,91,170,42
10001,5735,332,320
20001,6595,259,288
30001,73584,334,430
40001,94810,280,270
50001,67639,268,330
60001,169679,321,366
70001,140543,345,396
80001,185075,373,318
90001,108414,361,450
100001,44842,251,320
110001,17663,346,362
120001,287332,271,328
130001,130276,307,340
140001,395864,204,338
150001,395173,285,294
160001,284362,321,336
170001,315311,348,361
180001,414247,295,361
190001,431140,332,337
200001,40555,293,316
210001,268454,340,357
220001,399014,380,311
230001,47791,376,401
240001,183791,282,352
250001,39403,319,317
260001,776884,287,339
270001,377328,322,349
280001,739166,278,367
290001,670873,345,406
300001,120265,1389,338
310001,541623,367,393
320001,395344,334,355
330001,903259,328,363
340001,989539,311,364
350001,279148,281,426
360001,201800,356,348
370001,977171,332,401
380001,282425,344,333
390001,241623,378,391
400001,1087842,358,399
410001,437711,384,308
420001,1039722,344,376
430001,844809,374,414
440001,336288,335,364
450001,715688,350,350
460001,801281,326,400
470001,881462,374,362
480001,402674,391,386
490001,436506,362,342
500001,177883,455,448
510001,852015,386,387
520001,1360247,384,424
530001,506181,396,399
540001,1199268,386,404
550001,1058677,409,386
560001,568373,389,356
570001,1075781,441,413
580001,1371611,394,480
590001,783464,374,397
600001,1379737,462,415
610001,213821,346,337
620001,211198,401,323
630001,1270411,373,445
640001,326930,370,356
650001,237248,396,358
660001,771352,404,364
670001,676776,288,379
680001,1012067,347,387
690001,733361,414,374
700001,1198729,376,454
710001,1548008,442,432
720001,1555901,371,408
730001,522904,419,409
740001,2023606,329,487
750001,1509499,410,453
760001,631643,336,361
770001,77918,402,428
780001,1181514,440,397
790001,1340700,442,405
800001,1865063,461,384
810001,1885530,416,396
820001,1953413,378,420
830001,1877044,420,396
840001,159697,338,376
850001,1690578,404,415
860001,1491171,413,426
870001,1413053,432,446
880001,2127155,413,395
890001,1979924,435,465
900001,1757462,451,396
910001,878314,401,433
920001,1814982,413,440
930001,393349,349,388
940001,372318,409,397
950001,561916,384,375
960001,385607,398,374
970001,969976,369,428
980001,232673,442,442
990001,2439241,426,480
1000001,220048,389,370
1,92,163,40
10001,14128,272,342
20001,97038,288,409
30001,150608,333,480
40001,172010,310,460
50001,6597,310,253
60001,87543,282,317
70001,48868,308,307
80001,166760,278,333
90001,46015,298,308
100001,160981,305,301
110001,90400,291,311
120001,39555,359,353
130001,208160,330,365
140001,365325,298,362
150001,48806,363,300
160001,290542,299,345
170001,173438,386,418
180001,169486,370,418
190001,174017,351,346
200001,548288,312,338
210001,476049,352,369
220001,555910,322,347
230001,483915,353,380
240001,307660,320,287
250001,92389,318,400
260001,154267,318,385
270001,35993,351,363
280001,708490,399,444
290001,279272,348,378
300001,356546,295,352
310001,392971,304,379
320001,59996,387,354
330001,255617,314,348
340001,190139,318,325
350001,691367,372,416
360001,219472,338,358
370001,10511,351,302
380001,1043105,409,417
390001,426834,341,393
400001,972865,412,401
410001,1039255,392,381
420001,191369,405,417
430001,6372,372,302
440001,568255,404,415
450001,1151272,339,347
460001,1298927,369,434
470001,813673,302,448
480001,33485,374,418
490001,1219123,366,441
500001,488652,329,361
510001,1059724,400,427
520001,957456,390,375
530001,734390,408,383
540001,521027,405,439
550001,1301612,417,440
560001,849025,362,382
570001,1245270,502,435
580001,1323070,404,443
590001,771163,427,385
600001,1311966,512,414
610001,1063067,456,413
620001,279256,334,357
630001,1744841,443,406
640001,68215,441,453
650001,1112894,457,415
660001,1459791,383,428
670001,1006172,392,387
680001,1528911,415,449
690001,455670,331,368
700001,1523674,392,403
710001,1114900,428,362
720001,1756219,412,386
730001,1951190,410,441
740001,893683,441,360
750001,1418187,379,415
760001,33856,406,380
770001,287499,313,406
780001,771710,410,349
790001,253169,445,435
800001,1328737,422,400
810001,446091,358,367
820001,1588638,378,510
830001,2334393,447,380
840001,1794793,450,367
850001,1897366,669,689
860001,1751398,402,467
870001,27418,380,334
880001,758385,403,354
890001,1826897,398,445
900001,1632373,407,396
910001,1746924,440,468
920001,1732186,396,453
930001,458879,378,366
940001,947965,391,399
950001,854794,367,417
960001,1015084,387,437
970001,80995,404,385
980001,1497346,451,413
990001,2490791,381,444
1000001,1290789,430,427
1,98,209,41
10001,25721,265,280
20001,90813,344,409
30001,242,280,196
40001,68395,317,448
50001,136267,243,366
60001,124962,226,352
70001,17698,431,359
80001,217096,316,383
90001,24104,297,304
100001,218594,273,308
110001,178866,281,316
120001,219239,320,279
130001,296264,283,320
140001,381635,242,271
150001,103242,290,400
160001,140986,340,333
170001,270024,289,338
180001,306061,318,306
190001,293307,269,336
200001,564893,390,358
210001,140064,339,318
220001,452762,293,338
230001,407372,330,369
240001,124574,292,312
250001,270940,326,381
260001,416134,290,377
270001,316227,309,381
280001,617977,364,365
290001,689694,304,365
300001,626274,356,426
310001,573195,338,367
320001,713364,330,390
330001,101743,378,437
340001,352343,346,380
350001,233145,395,428
360001,22460,393,343
370001,310737,291,417
380001,730507,389,396
390001,827104,405,392
400001,1118099,342,447
410001,976261,314,459
420001,777102,330,346
430001,880993,410,386
440001,108102,377,387
450001,185400,337,377
460001,1039929,410,474
470001,144341,351,370
480001,292927,348,318
490001,990740,367,415
500001,793684,369,400
510001,650109,431,407
520001,1008088,422,425
530001,1230682,435,389
540001,1058276,432,367
550001,840532,384,419
560001,1354360,428,455
570001,575750,428,387
580001,996981,440,445
590001,1430969,401,396
600001,316691,364,363
610001,758977,405,424
620001,1423979,402,466
630001,412528,377,354
640001,480296,438,400
650001,321134,353,411
660001,1670492,444,400
670001,1855753,387,429
680001,600388,346,405
690001,65039,405,405
700001,689190,398,448
710001,932282,427,424
720001,446843,384,349
730001,2018807,377,412
740001,2071562,387,395
750001,1585510,307,436
760001,670447,393,366
770001,304295,308,357
780001,1836135,403,390
790001,495237,362,376
800001,125739,322,347
810001,1598717,425,505
820001,123011,312,336
830001,538469,363,386
840001,547791,485,367
850001,1523214,414,417
860001,1987356,381,415
870001,68537,357,396
880001,1703919,448,456
890001,295716,337,385
900001,2273226,401,403
910001,1423930,448,402
920001,2243181,390,426
930001,2319001,368,426
940001,2446700,396,406
950001,1115961,469,423
960001,1952768,381,498
970001,2493640,397,389
980001,1657292,476,459
990001,1840757,474,452
1000001,453627,492,340
1,93,147,42
10001,46013,235,291
20001,61867,490,436
30001,40191,348,368
40001,213200,523,422
50001,107456,273,301
60001,124769,267,367
70001,169429,276,320
80001,213845,302,344
90001,4664,252,224
100001,88933,364,339
110001,249073,279,317
120001,264030,355,311
130001,237638,339,327
140001,53862,301,317
150001,415754,322,296
160001,479478,318,432
170001,158714,280,379
180001,85285,313,378
190001,206869,284,308
200001,446207,309,359
210001,73401,369,339
220001,659855,274,300
230001,635019,320,384
240001,607706,293,375
250001,352648,310,406
260001,154962,385,407
270001,684999,340,385
280001,542306,359,389
290001,472200,349,402
300001,494369,324,382
310001,559534,334,412
320001,338160,377,372
330001,595353,337,383
340001,660692,361,317
350001,582116,293,346
360001,158640,366,409
370001,530552,306,416
380001,375951,318,389
390001,363148,380,357
400001,443066,308,432
410001,1116549,380,376
420001,409177,348,419
430001,38753,393,396
440001,811476,366,395
450001,601889,396,376
460001,311043,340,352
470001,824083,323,421
480001,1341276,337,362
490001,1320553,323,426
500001,1252190,312,370
510001,923778,431,358
520001,1201124,395,353
530001,33913,388,357
540001,1498825,387,397
550001,351852,431,380
560001,1452148,416,479
570001,973970,322,452
580001,357364,332,403
590001,949877,346,506
600001,402674,364,315
610001,678664,395,423
620001,584579,399,367
630001,1143920,407,422
640001,940498,419,442
650001,1482621,380,462
660001,1422351,302,449
670001,1301987,359,441
680001,1603873,373,405
690001,767340,414,386
700001,1031573,378,417
710001,1774111,400,465
720001,110895,410,425
730001,1735275,414,2279
740001,1547981,413,445
750001,319315,333,384
760001,1265212,451,465
770001,206970,325,348
780001,2193061,339,426
790001,1512190,443,528
800001,567543,409,342
810001,1280810,394,398
820001,1214404,408,425
830001,1926989,438,382
840001,1949611,433,445
850001,1063134,404,419
860001,1688005,431,503
870001,1435091,392,393
880001,320318,387,309
890001,1885544,398,415
900001,743036,363,392
910001,1209557,357,413
920001,626370,373,424
930001,2272396,442,416
940001,2051016,388,502
950001,1280142,407,469
960001,853530,341,441
970001,859169,407,432
980001,969273,352,387
990001,739855,303,406
1000001,2464482,505,473
1,136,136,51
10001,12113,313,317
20001,45530,343,394
30001,140911,296,456
40001,50546,385,374
50001,94950,292,355
60001,58925,437,360
70001,61980,279,301
80001,62949,286,305
90001,222165,375,451
100001,92602,315,353
110001,187803,279,308
120001,35404,278,299
130001,77029,313,302
140001,373406,272,399
150001,176990,287,339
160001,88460,330,338
170001,20321,380,333
180001,543611,269,293
190001,299161,266,355
200001,367808,309,367
210001,274221,387,369
220001,424159,313,337
230001,381550,320,366
240001,632348,309,337
250001,372909,288,356
260001,308364,366,371
270001,599518,338,401
280001,597576,323,407
290001,350699,331,349
300001,229510,308,384
310001,563527,343,391
320001,390216,356,340
330001,202779,362,394
340001,532054,286,320
350001,897330,358,360
360001,821949,362,393
370001,56691,396,375
380001,74921,356,386
390001,95992,360,388
400001,628321,383,442
410001,477245,362,426
420001,372132,349,376
430001,1189976,406,442
440001,989012,347,365
450001,209992,491,413
460001,1182044,413,386
470001,888233,416,356
480001,182714,425,416
490001,1245253,462,436
500001,1305109,359,391
510001,840148,445,409
520001,1003858,394,388
530001,84284,349,412
540001,375916,346,372
550001,1002512,433,413
560001,168312,409,363
570001,559930,316,410
580001,405587,359,367
590001,1173001,401,491
600001,1000585,447,480
610001,1704415,334,419
620001,1149382,450,423
630001,786045,394,336
640001,797257,428,410
650001,734537,375,402
660001,1119762,449,447
670001,916822,456,447
680001,2529571,411,502
690001,919763,460,437
700001,40819,389,370
710001,1509210,320,364
720001,560523,435,336
730001,716638,349,406
740001,1983291,402,409
750001,811084,334,382
760001,1854755,433,420
770001,452670,378,407
780001,2170093,416,384
790001,1270930,436,417
800001,1087753,397,405
810001,1324450,409,458
820001,1171763,413,445
830001,244156,365,357
840001,2239349,453,405
850001,1866241,275,439
860001,719917,378,418
870001,2007038,397,392
880001,230810,355,360
890001,1256253,408,474
900001,12399,348,334
910001,2554775,403,431
920001,954627,455,446
930001,2389568,425,418
940001,2499831,398,494
950001,121894,358,349
960001,2412935,401,379
970001,1977191,378,421
980001,1501223,423,412
990001,29377,326,371
1000001,1703452,436,438
1,141,152,49
10001,10298,274,354
20001,48100,350,441
30001,138689,321,360
40001,38375,357,395
50001,193370,443,392
60001,92619,332,396
70001,57135,293,318
80001,205894,300,333
90001,204580,283,306
100001,32913,239,317
110001,103516,339,324
120001,209871,306,335
130001,166829,295,325
140001,83954,341,299
150001,5008,295,300
160001,40155,364,317
170001,264154,320,325
180001,69522,336,372
190001,507633,323,380
200001,154578,352,359
210001,240457,297,379
220001,316200,324,350
230001,25729,333,361
240001,154456,378,354
250001,308569,336,361
260001,301749,349,328
270001,720828,323,372
280001,219027,343,352
290001,2923,357,242
300001,1013544,381,379
310001,84692,365,354
320001,599986,358,387
330001,269775,322,357
340001,75066,338,354
350001,667865,321,426
360001,178324,395,419
370001,304887,306,347
380001,489021,335,383
390001,1113741,460,372
400001,1050984,321,774
410001,380141,353,403
420001,402539,345,399
430001,662976,347,361
440001,118994,339,446
450001,246433,331,374
460001,100027,351,352
470001,1363276,388,355
480001,960195,336,410
490001,793843,391,421
500001,184206,398,453
510001,52450,402,437
520001,1271199,379,334
530001,818641,395,480
540001,679854,308,356
550001,896448,411,418
560001,1247351,415,401
570001,335323,530,420
580001,1587725,337,406
590001,1240902,399,476
600001,228899,370,372
610001,1407525,338,413
620001,163313,349,364
630001,709108,406,449
640001,29691,384,323
650001,683405,387,411
660001,967425,370,396
670001,1733045,410,468
680001,865765,417,412
690001,406639,378,429
700001,1531484,379,430
710001,1900613,445,406
720001,1338049,447,461
730001,728926,365,372
740001,1781088,387,423
750001,1565823,394,450
760001,1273234,408,441
770001,35553,433,395
780001,1064754,393,479
790001,1775038,406,350
800001,892390,370,444
810001,1364794,419,399
820001,1268912,436,416
830001,2051815,525,478
840001,1977930,458,349
850001,1471152,398,462
860001,362471,364,368
870001,1067613,415,434
880001,1242342,420,427
890001,2296295,474,397
900001,1587051,416,419
910001,1554436,431,506
920001,1242937,477,506
930001,632335,463,367
940001,2639626,435,482
950001,692429,345,386
960001,2445199,349,419
970001,2368384,355,363
980001,662985,414,360
990001,2331006,396,427
1000001,1842184,384,424
1,89,138,38
10001,7294,255,245
20001,84875,305,406
30001,105379,427,448
40001,100574,727,483
50001,252230,344,437
60001,64150,285,333
70001,115238,276,337
80001,189927,330,428
90001,237191,257,320
100001,192421,307,275
110001,12895,283,279
120001,174456,273,359
130001,58139,278,357
140001,129787,361,372
150001,109168,364,375
160001,386490,346,356
170001,357939,271,335
180001,331287,323,315
190001,15511,236,291
200001,135553,308,298
210001,166259,310,323
220001,135414,402,398
230001,259240,336,352
240001,547345,370,366
250001,174648,293,335
260001,599826,328,351
270001,683552,309,333
280001,194895,306,346
290001,599025,363,364
300001,197607,342,364
310001,780679,384,448
320001,758758,368,383
330001,456763,363,392
340001,362798,332,364
350001,445827,366,384
360001,328995,347,354
370001,665313,314,427
380001,222575,419,349
390001,367729,338,396
400001,451219,383,425
410001,154580,365,391
420001,1657928,688,882
430001,1198879,326,415
440001,565880,618,449
450001,1159915,330,374
460001,159988,330,343
470001,1070660,421,377
480001,707258,405,393
490001,643309,352,367
500001,1413658,365,364
510001,781985,352,378
520001,366080,373,336
530001,1418711,423,440
540001,119646,349,360
550001,161356,1540,394
560001,521440,420,365
570001,1091123,372,397
580001,593295,380,383
590001,198606,337,353
600001,421777,452,428
610001,709759,407,417
620001,906932,375,425
630001,314104,339,295
640001,926269,317,400
650001,548632,438,386
660001,1056383,388,463
670001,41645,363,319
680001,1314232,452,435
690001,1490527,404,427
700001,1972920,477,450
710001,569981,294,361
720001,1434860,393,418
730001,466422,472,393
740001,118459,350,386
750001,765207,375,412
760001,1578622,385,423
770001,872278,419,453
780001,1989915,336,425
790001,203647,370,367
800001,1276353,403,425
810001,2298537,396,404
820001,1099629,377,415
830001,1420899,463,384
840001,261921,396,375
850001,249797,331,363
860001,1159085,414,394
870001,1390029,410,407
880001,3274923,426,506
890001,896754,366,457
900001,2240179,419,458
910001,1071987,455,425
920001,1588041,407,467
930001,2241508,377,468
940001,1575134,452,446
950001,1478297,400,395
960001,364472,328,388
970001,464505,416,360
980001,2377335,386,405
990001,940912,362,483
1000001,405616,312,386
1,92,152,41
10001,36840,303,406
20001,50758,313,438
30001,27459,304,412
40001,2110,249,232
50001,3296,301,263
60001,317359,332,461
70001,40904,375,367
80001,114164,310,351
90001,18391,300,283
100001,144465,274,348
110001,141329,294,317
120001,151447,311,351
130001,263355,278,349
140001,270142,310,361
150001,318928,343,338
160001,231274,330,354
170001,85643,317,321
180001,37633,276,281
190001,426462,301,332
200001,298636,299,388
210001,379275,322,342
220001,289864,314,326
230001,549710,329,355
240001,572472,349,323
250001,357114,372,282
260001,602691,343,402
270001,730341,308,404
280001,422958,313,375
290001,445589,312,374
300001,728710,341,360
310001,609124,379,342
320001,831823,421,379
330001,889093,317,360
340001,770034,439,388
350001,988837,350,366
360001,22677,345,320
370001,1008380,406,351
380001,846188,367,390
390001,88130,371,392
400001,552903,303,392
410001,231421,313,391
420001,528489,365,423
430001,466939,316,485
440001,411553,368,377
450001,1040322,356,415
460001,900520,331,512
470001,1207378,391,414
480001,596347,297,391
490001,350328,381,353
500001,872572,394,477
510001,272872,400,410
520001,203658,397,407
530001,975665,420,424
540001,612551,360,412
550001,387429,374,368
560001,967413,439,477
570001,229147,407,452
580001,731222,400,435
590001,1073585,419,395
600001,1300488,328,431
610001,1604192,393,384
620001,466168,319,395
630001,284607,343,392
640001,889221,409,414
650001,1969643,431,416
660001,273625,324,352
670001,701,325,267
680001,47469,366,410
690001,630133,723,406
700001,1878390,650,784
710001,1022790,755,810
720001,637005,815,854
730001,538681,1240,848
740001,1832125,433,814
750001,1250463,486,538
760001,703989,709,689
770001,1638915,818,1059
780001,957317,693,767
790001,222608,677,361
800001,1952555,726,674
810001,1325460,511,467
820001,1946399,422,447
830001,1049185,545,450
840001,772512,352,381
850001,689179,426,419
860001,1446875,674,447
870001,751785,529,496
880001,1346094,509,451
890001,552844,476,483
900001,2877211,577,703
910001,1271942,429,525
920001,2094822,439,943
930001,2336444,703,503
940001,1237611,492,698
950001,2367858,721,830
960001,1895747,638,983
970001,2082236,342,448
980001,299671,626,637
990001,1640123,519,541
1000001,199111,385,409
1,93,115,42
10001,35964,348,356
20001,2467,272,315
30001,77801,341,397
40001,127603,343,493
50001,56195,337,362
60001,144182,417,340
70001,68550,292,343
80001,147655,344,336
90001,12952,280,273
100001,118728,327,391
110001,59120,305,324
120001,149635,436,388
130001,227667,337,359
140001,274348,325,357
150001,83127,371,372
160001,74579,457,432
170001,147374,262,374
180001,345411,359,375
190001,398653,306,437
200001,53805,359,382
210001,5707,377,308
220001,589863,295,428
230001,208887,344,310
240001,351934,263,362
250001,117242,447,363
260001,79607,323,331
270001,643656,325,379
280001,267522,310,330
290001,462683,314,364
300001,774000,318,464
310001,688111,353,447
320001,134151,348,296
330001,73114,435,380
340001,614698,386,388
350001,605824,516,432
360001,321134,338,305
370001,839931,430,372
380001,980333,413,413
390001,749156,496,429
400001,155806,413,391
410001,1052544,578,459
420001,28677,543,343
430001,527698,353,396
440001,777388,520,385
450001,48749,342,279
460001,81032,430,457
470001,205622,295,353
480001,497452,339,379
490001,3045,380,296
500001,221450,358,343
510001,7124,367,373
520001,1075186,412,467
530001,1353818,422,506
540001,189771,386,348
550001,1347663,463,436
560001,786881,474,436
570001,358683,354,354
580001,470533,546,446
590001,26723,509,454
600001,1447355,543,511
610001,1241137,403,489
620001,1476078,667,695
630001,88409,614,556
640001,1896843,625,422
650001,1888703,526,471
660001,2030703,446,453
670001,1441998,503,725
680001,451027,517,380
690001,1811064,623,603
700001,1558089,466,387
710001,1633703,485,632
720001,1033388,427,381
730001,812544,386,461
740001,587755,379,343
750001,916687,459,547
760001,367059,337,410
770001,1324293,400,382
780001,1132235,385,488
790001,1801534,598,443
800001,1564197,433,519
810001,1739867,430,511
820001,2259471,418,401
830001,2011619,508,517
840001,1103395,465,432
850001,1939085,447,566
860001,1476132,453,361
870001,304981,359,369
880001,2117890,413,400
890001,1367155,390,409
900001,1486781,409,414
910001,2157136,413,485
920001,2277271,414,452
930001,2538351,441,397
940001,2166973,456,431
950001,2880711,529,560
960001,2411979,670,571
970001,906085,387,411
980001,819547,411,520
990001,769470,423,449
1000001,695034,515,343
1,317,154,46
10001,5463,251,266
20001,36117,284,299
30001,69962,275,342
40001,79614,310,304
50001,50203,296,322
60001,107810,338,398
70001,82917,309,325
80001,143107,259,300
90001,272598,321,364
100001,101345,345,382
110001,202162,300,338
120001,104585,294,358
130001,283229,292,337
140001,85098,291,284
150001,226814,270,360
160001,383555,273,352
170001,233523,322,366
180001,345280,298,371
190001,526701,275,349
200001,274645,347,327
210001,669549,382,382
220001,477637,314,344
230001,545539,295,327
240001,586750,346,321
250001,119861,356,409
260001,810230,307,396
270001,689399,348,378
280001,828648,359,468
290001,302209,307,337
300001,379208,361,420
310001,834555,463,412
320001,598072,481,435
330001,322245,472,339
340001,350025,430,353
350001,678381,359,471
360001,403240,363,374
370001,45456,577,311
380001,196402,358,418
390001,879584,402,589
400001,150479,435,406
410001,381082,333,398
420001,446572,399,381
430001,16564,403,1470
440001,765009,17210,385
450001,879776,358,404
460001,372341,308,385
470001,1296688,414,586
480001,430339,696,694
490001,967964,397,460
500001,1440322,362,414
510001,791904,381,391
520001,1105157,522,453
530001,351722,410,394
540001,632715,393,386
550001,91078,422,458
560001,395097,340,393
570001,285601,423,386
580001,20867,408,396
590001,163003,351,407
600001,1279134,405,442
610001,643370,351,343
620001,586858,401,384
630001,642897,477,365
640001,1280345,376,493
650001,1752015,441,380
660001,1483945,467,416
670001,1319988,406,428
680001,527444,378,417
690001,236746,433,329
700001,732446,406,368
710001,570930,425,432
720001,1111792,480,692
730001,922388,389,444
740001,274032,311,350
750001,1290605,423,425
760001,1770497,424,423
770001,630809,458,433
780001,1927792,465,416
790001,1314142,401,415
800001,931919,411,435
810001,680121,478,466
820001,1149568,439,460
830001,18922,423,387
840001,342767,406,339
850001,1598042,473,396
860001,2014738,550,430
870001,1126682,505,418
880001,1067608,430,417
890001,2402318,433,434
900001,2463687,361,412
910001,678074,404,381
920001,436785,361,452
930001,2206648,399,433
940001,661562,452,388
950001,2543539,419,439
960001,2279979,533,446
970001,2015377,567,535
980001,977750,419,464
990001,2144636,380,421
1000001,65444,332,334
